RZ:RZ-fdsdb-P74042P1_vcs:RDB,RZ,06.31.02,P74042P1_vcs,,,RZ-fdsdb-P74042P1_vcs
RZ:cobpsdb2-cobpsdb2-P75003:RDB,RZ,06.31.02,P75003,,,cobpsdb2-cobpsdb2-P75003
RZ:WEBGATE-WEBGATE-MAPM-DAW:RDB,RZ,06.31.02,MAPM-DAW,,,WEBGATE-WEBGATE-MAPM-DAW
RZ:cmcsdb-cmcsdb-CMCS-DBS-P:RDB,RZ,06.31.02,CMCS-DBS-P,,,cmcsdb-cmcsdb-CMCS-DBS-P
RZ:ebisdb2-ebisdb2-s824017p:RDB,RZ,06.31.02,s824017p,,,ebisdb2-ebisdb2-s824017p
RZ:ebisdb1-ebisdb1-s824013p:RDB,RZ,06.31.02,s824013p,,,ebisdb1-ebisdb1-s824013p
RZ:ebisdb1-ebisdb1-s824012p:RDB,RZ,06.31.02,s824012p,,,ebisdb1-ebisdb1-s824012p
RZ:ebisdb2-ebisdb2-s824016p:RDB,RZ,06.31.02,s824016p,,,ebisdb2-ebisdb2-s824016p
RZ:elock-elockdb-ELKDB-DBS-:RDB,RZ,06.31.02,ELKDB-DBS-,,,elock-elockdb-ELKDB-DBS-
RZ:elockdb-elockdb-ELKDB-DB:RDB,RZ,06.31.02,ELKDB-DB,,,elockdb-elockdb-ELKDB-DB
RZ:oaam_off-oaam_off-P74029:RDB,RZ,06.31.02,P74029,,,oaam_off-oaam_off-P74029
RZ:oaam_off-oaam_off-P74030:RDB,RZ,06.31.02,P74030,,,oaam_off-oaam_off-P74030
RZ:ITUMP-ITUMP-SJZITUMP02:RDB,RZ,06.31.02,SJZITUMP02,,,ITUMP-ITUMP-SJZITUMP02
RZ:ibms_1-ibms_1-p740112p1-:RDB,RZ,06.31.02,p740112p1-,,,ibms_1-ibms_1-p740112p1-
RZ:ibms_1-ibms_1-p740118p1-:RDB,RZ,06.31.02,p740118p1-,,,ibms_1-ibms_1-p740118p1-
RZ:FUND-FUND-ibl123p1:DG,RZ,06.31.02,ibl123p1,,,FUND-FUND-ibl123p1
RZ:ebankdb-ebankdb-ibl110p1:DG,RZ,06.31.02,ibl110p1,,,ebankdb-ebankdb-ibl110p1
RZ:FUND-FUND-ibl110p1:DG,RZ,06.31.02,ibl110p1,,,FUND-FUND-ibl110p1
RZ:ebankdb-ebankdb-ibl123p1:DG,RZ,06.31.02,ibl123p1,,,ebankdb-ebankdb-ibl123p1
RZ:golddb-golddb-p740112p1-:DG,RZ,06.31.02,p740112p1-,,,golddb-golddb-p740112p1-
RZ:golddb-golddb-p740118p1-:DG,RZ,06.31.02,p740118p1-,,,golddb-golddb-p740118p1-
RZ:cnapsdb-cnapsdb-p740118p:DG,RZ,06.31.02,p740118p,,,cnapsdb-cnapsdb-p740118p
RZ:golddb-goldbd-p740118p1-:DG,RZ,06.31.02,p740118p1-,,,golddb-goldbd-p740118p1-
RZ:iftsdb-iftsdb-p740118p1-:DG,RZ,06.31.02,p740118p1-,,,iftsdb-iftsdb-p740118p1-
RZ:ebmcpdb-ebmcpdb-p740112p:DG,RZ,06.31.02,p740112p,,,ebmcpdb-ebmcpdb-p740112p
RZ:ebmcpdb-ebmcpdb-p740118p:DG,RZ,06.31.02,p740118p,,,ebmcpdb-ebmcpdb-p740118p
RZ:cnapsdb-cnapsdb-p740112p:DG,RZ,06.31.02,p740112p,,,cnapsdb-cnapsdb-p740112p
RZ:golddb-goldbd-p740112p1-:DG,RZ,06.31.02,p740112p1-,,,golddb-goldbd-p740112p1-
RZ:iftsdb-iftsdb-p740112p1-:DG,RZ,06.31.02,p740112p1-,,,iftsdb-iftsdb-p740112p1-
RZ:FISREP-FISREP-WIN-V005D4:RDB,RZ,06.31.02,WIN-V005D4,,,FISREP-FISREP-WIN-V005D4
RZ:FTIS-FTIS-FTRMS-DA-P04-1:RDB,RZ,06.31.02,FTRMS-DA-P04-1,,,FTIS-FTIS-FTRMS-DA-P04-1
RZ:FTIS-FTIS-FTRMS-DA-P03-1:RDB,RZ,06.31.02,FTRMS-DA-P03-1,,,FTIS-FTIS-FTRMS-DA-P03-1
RZ:FISREP-FISREP-WIN-OCJTOO:RDB,RZ,06.31.02,WIN-OCJTOO,,,FISREP-FISREP-WIN-OCJTOO
RZ:cobpsdb-cobpsdb-p740118p:DG,RZ,06.31.02,p740118p,,,cobpsdb-cobpsdb-p740118p
RZ:cobpsdb-cobpsdb-p740112p:DG,RZ,06.31.02,p740112p,,,cobpsdb-cobpsdb-p740112p
RZ:ibms_2-ibms_2-p740118p1-:DG,RZ,06.31.02,p740118p1-,,,ibms_2-ibms_2-p740118p1-
RZ:ibms_2-ibms_2-p740112p1-:DG,RZ,06.31.02,p740112p1-,,,ibms_2-ibms_2-p740112p1-
RZ:ebppdb-ebppdb-p740112p1-:DG,RZ,06.31.02,p740112p1-,,,ebppdb-ebppdb-p740112p1-
RZ:ebppdb-ebppdb-p740118p1-:DG,RZ,06.31.02,p740118p1-,,,ebppdb-ebppdb-p740118p1-
RZ:ibms_1-ibms_1-p740112p1-:DG,RZ,06.31.02,p740112p1-,,,ibms_1-ibms_1-p740112p1-
RZ:ibms_1-ibms_1-p740118p1-:DG,RZ,06.31.02,p740118p1-,,,ibms_1-ibms_1-p740118p1-
RZ:epay-epay-ibl123p1:DG,RZ,06.31.02,ibl123p1,,,epay-epay-ibl123p1
RZ:epay-epay-ibl110p1:DG,RZ,06.31.02,ibl110p1,,,epay-epay-ibl110p1
RZ:ecifdb-ecifdb-ibl123p1:DG,RZ,06.31.02,ibl123p1,,,ecifdb-ecifdb-ibl123p1
RZ:ecifdb-ecifdb-ibl110p1:DG,RZ,06.31.02,ibl110p1,,,ecifdb-ecifdb-ibl110p1
RZ:bems_1-bems_1-ibl110p1:DG,RZ,06.31.02,ibl110p1,,,bems_1-bems_1-ibl110p1
RZ:bems_1-bems_1-ibl123p1:DG,RZ,06.31.02,ibl123p1,,,bems_1-bems_1-ibl123p1
RZ:bems_2-bems_2-ibl123p1:DG,RZ,06.31.02,ibl123p1,,,bems_2-bems_2-ibl123p1
RZ:bems_2-bems_2-ibl110p1:DG,RZ,06.31.02,ibl110p1,,,bems_2-bems_2-ibl110p1
RZ:gtsdb-gtsdb-ibl123p1:DG,RZ,06.31.02,ibl123p1,,,gtsdb-gtsdb-ibl123p1
RZ:gtsdb-gtsdb-ibl110p1:DG,RZ,06.31.02,ibl110p1,,,gtsdb-gtsdb-ibl110p1
RZ:powercc-powercc-ibl123p1:DG,RZ,06.31.02,ibl123p1,,,powercc-powercc-ibl123p1
RZ:powercc-powercc-ibl110p1:DG,RZ,06.31.02,ibl110p1,,,powercc-powercc-ibl110p1
